
[
  {
    "model": "surveys.survey",
    "pk": 2,
    "fields": {
      "name": "Encuesta de Caracterización y Registro de Cuidadores",
      "description": "Este cuestionario tiene como objetivo recopilar información valiosa sobre las necesidades y expectativas de nuestros clientes en relación con nuestros servicios. Sus respuestas nos ayudarán a comprender mejor sus requerimientos y a tomar decisiones informadas para mejorar la calidad de nuestros productos y la atención que le brindamos. Le agradecemos de antemano su tiempo y colaboración. Toda la información proporcionada será tratada de forma confidencial y anónima.",
      "code": "caracterizacion-cuidadores",
      "is_active": true,
      "created_at": "2025-10-03T10:00:00Z",
      "require_token": false
    }
  },

  {
    "model": "surveys.section",
    "pk": 3,
    "fields": {
      "survey": 2,
      "title": "Datos Sociodemográficos",
      "order": 1
    }
  },
  {
    "model": "surveys.section",
    "pk": 4,
    "fields": {
      "survey": 2,
      "title": "Actividades de Cuidado",
      "order": 2
    }
  },
  {
    "model": "surveys.section",
    "pk": 5,
    "fields": {
      "survey": 2,
      "title": "Salud del Cuidador",
      "order": 3
    }
  },
  {
    "model": "surveys.section",
    "pk": 6,
    "fields": {
      "survey": 2,
      "title": "Organizaciones y/o Grupos de Cuidado",
      "order": 4
    }
  },
  {
    "model": "surveys.section",
    "pk": 7,
    "fields": {
      "survey": 2,
      "title": "Escala Zarit (Nivel Sobrecarga del Cuidador)",
      "order": 5
    }
  },

  {
    "model": "surveys.question",
    "pk": 9,
    "fields": {
      "section": 3,
      "code": "nombre-completo",
      "text": "Nombre completo",
      "help_text": "",
      "qtype": "text",
      "required": true,
      "order": 1,
      "max_choices": 0
    }
  },
  {
    "model": "surveys.question",
    "pk": 10,
    "fields": {
      "section": 3,
      "code": "barrio",
      "text": "Barrio",
      "help_text": "",
      "qtype": "text",
      "required": true,
      "order": 2,
      "max_choices": 0
    }
  },
  {
    "model": "surveys.question",
    "pk": 11,
    "fields": {
      "section": 3,
      "code": "unidad-comunera-gobierno",
      "text": "Unidad Comunera de Gobierno",
      "help_text": "",
      "qtype": "single",
      "required": true,
      "order": 3,
      "max_choices": 0
    }
  },
  {
    "model": "surveys.question",
    "pk": 12,
    "fields": {
      "section": 3,
      "code": "localidad",
      "text": "Localidad",
      "help_text": "",
      "qtype": "single",
      "required": true,
      "order": 4,
      "max_choices": 0
    }
  },
  {
    "model": "surveys.question",
    "pk": 13,
    "fields": {
      "section": 3,
      "code": "edad",
      "text": "Edad",
      "help_text": "",
      "qtype": "int",
      "required": true,
      "order": 5,
      "max_choices": 0
    }
  },
  {
    "model": "surveys.question",
    "pk": 14,
    "fields": {
      "section": 3,
      "code": "sexo",
      "text": "Sexo",
      "help_text": "",
      "qtype": "single",
      "required": true,
      "order": 6,
      "max_choices": 0
    }
  },
  {
    "model": "surveys.question",
    "pk": 15,
    "fields": {
      "section": 3,
      "code": "identidad-genero",
      "text": "Identidad de genero",
      "help_text": "",
      "qtype": "single",
      "required": true,
      "order": 7,
      "max_choices": 0
    }
  },
  {
    "model": "surveys.question",
    "pk": 16,
    "fields": {
      "section": 3,
      "code": "orientacion-sexual",
      "text": "Orientación sexual",
      "help_text": "",
      "qtype": "single",
      "required": true,
      "order": 8,
      "max_choices": 0
    }
  },
  {
    "model": "surveys.question",
    "pk": 17,
    "fields": {
      "section": 3,
      "code": "cultura-rasgo-fisico",
      "text": "De acuerdo con su cultura, rasgo físico es o se reconoce como:",
      "help_text": "",
      "qtype": "single",
      "required": true,
      "order": 9,
      "max_choices": 0
    }
  },
  {
    "model": "surveys.question",
    "pk": 18,
    "fields": {
      "section": 3,
      "code": "numero-hijos",
      "text": "Numero de hijos",
      "help_text": "",
      "qtype": "int",
      "required": true,
      "order": 10,
      "max_choices": 0
    }
  },
  {
    "model": "surveys.question",
    "pk": 19,
    "fields": {
      "section": 3,
      "code": "ocupacion",
      "text": "Ocupación",
      "help_text": "",
      "qtype": "multi",
      "required": true,
      "order": 11,
      "max_choices": 0
    }
  },
  {
    "model": "surveys.question",
    "pk": 20,
    "fields": {
      "section": 3,
      "code": "grado-educacion",
      "text": "Grado de educación",
      "help_text": "",
      "qtype": "single",
      "required": true,
      "order": 12,
      "max_choices": 0
    }
  },
  {
    "model": "surveys.question",
    "pk": 21,
    "fields": {
      "section": 3,
      "code": "estado-civil",
      "text": "Estado Civil",
      "help_text": "",
      "qtype": "single",
      "required": true,
      "order": 13,
      "max_choices": 0
    }
  },
  {
    "model": "surveys.question",
    "pk": 22,
    "fields": {
      "section": 3,
      "code": "estrato",
      "text": "Estrato",
      "help_text": "",
      "qtype": "single",
      "required": true,
      "order": 14,
      "max_choices": 0
    }
  },
  {
    "model": "surveys.question",
    "pk": 23,
    "fields": {
      "section": 3,
      "code": "tipo-familia",
      "text": "Tipo de familia",
      "help_text": "",
      "qtype": "single",
      "required": true,
      "order": 15,
      "max_choices": 0
    }
  },
  {
    "model": "surveys.question",
    "pk": 24,
    "fields": {
      "section": 3,
      "code": "regimen",
      "text": "Régimen",
      "help_text": "",
      "qtype": "single",
      "required": true,
      "order": 16,
      "max_choices": 0
    }
  },
  {
    "model": "surveys.question",
    "pk": 25,
    "fields": {
      "section": 3,
      "code": "eps",
      "text": "EPS",
      "help_text": "",
      "qtype": "single",
      "required": true,
      "order": 17,
      "max_choices": 0
    }
  },
  {
    "model": "surveys.question",
    "pk": 26,
    "fields": {
      "section": 3,
      "code": "num-personas-hogar",
      "text": "Numero de personas en el hogar",
      "help_text": "",
      "qtype": "int",
      "required": true,
      "order": 18,
      "max_choices": 0
    }
  },

  {
    "model": "surveys.question",
    "pk": 27,
    "fields": {
      "section": 4,
      "code": "cuantas-personas-cuida",
      "text": "¿Cuántas personas cuida actualmente?",
      "help_text": "",
      "qtype": "single",
      "required": true,
      "order": 1,
      "max_choices": 0
    }
  },
  {
    "model": "surveys.question",
    "pk": 28,
    "fields": {
      "section": 4,
      "code": "grupo-persona-cuidada",
      "text": "¿A cuál de los siguientes grupos pertenece la persona que usted cuida actualmente?",
      "help_text": "",
      "qtype": "multi",
      "required": true,
      "order": 2,
      "max_choices": 0
    }
  },
  {
    "model": "surveys.question",
    "pk": 29,
    "fields": {
      "section": 4,
      "code": "tipo-discapacidad",
      "text": "En caso de ser cuidador de persona con discapacidad, indica el tipo:",
      "help_text": "",
      "qtype": "multi",
      "required": false,
      "order": 3,
      "max_choices": 0
    }
  },
  {
    "model": "surveys.question",
    "pk": 30,
    "fields": {
      "section": 4,
      "code": "labor-cuidado",
      "text": "Su labor de cuidado es",
      "help_text": "",
      "qtype": "single",
      "required": true,
      "order": 4,
      "max_choices": 0
    }
  },
  {
    "model": "surveys.question",
    "pk": 31,
    "fields": {
      "section": 4,
      "code": "tiempo-dedicado-cuidado",
      "text": "¿Cuánto tiempo lleva dedicado al cuidado?",
      "help_text": "",
      "qtype": "single",
      "required": true,
      "order": 5,
      "max_choices": 0
    }
  },
  {
    "model": "surveys.question",
    "pk": 32,
    "fields": {
      "section": 4,
      "code": "horas-dia-cuidador",
      "text": "¿Cuántas horas al día desempeña como cuidador?",
      "help_text": "",
      "qtype": "int",
      "required": true,
      "order": 6,
      "max_choices": 0
    }
  },
  {
    "model": "surveys.question",
    "pk": 33,
    "fields": {
      "section": 4,
      "code": "parentesco-persona-cuida",
      "text": "¿Cuál es el parentesco con la persona a quien cuida?",
      "help_text": "",
      "qtype": "single",
      "required": true,
      "order": 7,
      "max_choices": 0
    }
  },
  {
    "model": "surveys.question",
    "pk": 34,
    "fields": {
      "section": 4,
      "code": "razon-principal-cuido",
      "text": "¿Cuál es la razón principal por la cual usted realiza la labor de cuido?",
      "help_text": "",
      "qtype": "single",
      "required": true,
      "order": 8,
      "max_choices": 0
    }
  },
  {
    "model": "surveys.question",
    "pk": 35,
    "fields": {
      "section": 4,
      "code": "tipo-cuidado-presta",
      "text": "El tipo de cuidado que usted presta a la persona",
      "help_text": "",
      "qtype": "multi",
      "required": true,
      "order": 9,
      "max_choices": 0
    }
  },
  {
    "model": "surveys.question",
    "pk": 36,
    "fields": {
      "section": 4,
      "code": "formacion-capacitacion-cuidado",
      "text": "¿Ha recibido formación y/o capacitación para el cuidado?",
      "help_text": "",
      "qtype": "bool",
      "required": true,
      "order": 10,
      "max_choices": 0
    }
  },

  {
    "model": "surveys.question",
    "pk": 37,
    "fields": {
      "section": 5,
      "code": "salud-ultimos-30-dias",
      "text": "En general, ¿Diría usted que su salud en los últimos 30 días ha sido?",
      "help_text": "",
      "qtype": "single",
      "required": true,
      "order": 1,
      "max_choices": 0
    }
  },
  {
    "model": "surveys.question",
    "pk": 38,
    "fields": {
      "section": 5,
      "code": "salud-comparado-hace-un-ano",
      "text": "Comparando su salud actual con la de hace un año. Usted diría que ahora su salud es:",
      "help_text": "",
      "qtype": "single",
      "required": true,
      "order": 2,
      "max_choices": 0
    }
  },
  {
    "model": "surveys.question",
    "pk": 39,
    "fields": {
      "section": 5,
      "code": "salud-comparado-otras-personas",
      "text": "En comparación con otras personas de su edad. Diría usted que su salud está:",
      "help_text": "",
      "qtype": "single",
      "required": true,
      "order": 3,
      "max_choices": 0
    }
  },
  {
    "model": "surveys.question",
    "pk": 40,
    "fields": {
      "section": 5,
      "code": "orientacion-psicologica",
      "text": "Alguna vez ¿ha recibido orientación psicológica?",
      "help_text": "",
      "qtype": "bool",
      "required": true,
      "order": 4,
      "max_choices": 0
    }
  },
  {
    "model": "surveys.question",
    "pk": 41,
    "fields": {
      "section": 5,
      "code": "revision-medico-general-ultimo-ano",
      "text": "¿En el último año ha ido a revisión por medico general?",
      "help_text": "",
      "qtype": "bool",
      "required": true,
      "order": 5,
      "max_choices": 0
    }
  },
  {
    "model": "surveys.question",
    "pk": 42,
    "fields": {
      "section": 5,
      "code": "citologia-ultimo-ano",
      "text": "¿En el último año se ha realizado citología?",
      "help_text": "",
      "qtype": "bool",
      "required": true,
      "order": 6,
      "max_choices": 0
    }
  },
  {
    "model": "surveys.question",
    "pk": 43,
    "fields": {
      "section": 5,
      "code": "mamografia-ultimos-dos-anos",
      "text": "¿En los últimos dos años se ha realizado mamografía?",
      "help_text": "",
      "qtype": "bool",
      "required": true,
      "order": 7,
      "max_choices": 0
    }
  },

  {
    "model": "surveys.question",
    "pk": 44,
    "fields": {
      "section": 6,
      "code": "pertenece-grupo-cuidadores",
      "text": "¿Pertenece algún grupo organizado, organización o red cuidadores?",
      "help_text": "",
      "qtype": "bool",
      "required": true,
      "order": 1,
      "max_choices": 0
    }
  },
  {
    "model": "surveys.question",
    "pk": 45,
    "fields": {
      "section": 6,
      "code": "nombre-grupo-cuidadores",
      "text": "Si la respuesta anterior es afirmativa (si), ¿Cuál es el nombre del grupo organizado, organización o red cuidadores?",
      "help_text": "",
      "qtype": "text",
      "required": false,
      "order": 2,
      "max_choices": 0
    }
  },
  {
    "model": "surveys.question",
    "pk": 46,
    "fields": {
      "section": 6,
      "code": "lidera-grupo-comunitario",
      "text": "¿Pertenece o lidera algún grupo organizado o red cuidado comunitario?",
      "help_text": "",
      "qtype": "bool",
      "required": true,
      "order": 3,
      "max_choices": 0
    }
  },
  {
    "model": "surveys.question",
    "pk": 47,
    "fields": {
      "section": 6,
      "code": "nombre-grupo-comunitario",
      "text": "Si la respuesta anterior es afirmativa (si), ¿Cuál es el nombre del organizado o red de cuidado comunitario?",
      "help_text": "",
      "qtype": "text",
      "required": false,
      "order": 4,
      "max_choices": 0
    }
  },

  {
    "model": "surveys.question",
    "pk": 48,
    "fields": {
      "section": 7,
      "code": "zarit-q1",
      "text": "¿Cree que su familiar solicita más ayuda de la que realmente necesita?",
      "help_text": "",
      "qtype": "likert",
      "required": true,
      "order": 1,
      "max_choices": 0
    }
  },
  {
    "model": "surveys.question",
    "pk": 49,
    "fields": {
      "section": 7,
      "code": "zarit-q2",
      "text": "¿Cree que debido al tiempo que dedica a su familiar ya no dispone de tiempo suficiente para usted?",
      "help_text": "",
      "qtype": "likert",
      "required": true,
      "order": 2,
      "max_choices": 0
    }
  },
  {
    "model": "surveys.question",
    "pk": 50,
    "fields": {
      "section": 7,
      "code": "zarit-q3",
      "text": "¿Se siente agobiado entre cuidar a su familiar y atender además otras responsabilidades en su trabajo o familia?",
      "help_text": "",
      "qtype": "likert",
      "required": true,
      "order": 3,
      "max_choices": 0
    }
  },
  {
    "model": "surveys.question",
    "pk": 51,
    "fields": {
      "section": 7,
      "code": "zarit-q4",
      "text": "¿Se siente avergonzado por la conducta de su familiar?",
      "help_text": "",
      "qtype": "likert",
      "required": true,
      "order": 4,
      "max_choices": 0
    }
  },
  {
    "model": "surveys.question",
    "pk": 52,
    "fields": {
      "section": 7,
      "code": "zarit-q5",
      "text": "¿Se siente enfadado cuando está cerca de su familiar?",
      "help_text": "",
      "qtype": "likert",
      "required": true,
      "order": 5,
      "max_choices": 0
    }
  },
  {
    "model": "surveys.question",
    "pk": 53,
    "fields": {
      "section": 7,
      "code": "zarit-q6",
      "text": "¿Piensa que su familiar afecta negativamente a su relación con otros miembros de su familia?",
      "help_text": "",
      "qtype": "likert",
      "required": true,
      "order": 6,
      "max_choices": 0
    }
  },
  {
    "model": "surveys.question",
    "pk": 54,
    "fields": {
      "section": 7,
      "code": "zarit-q7",
      "text": "¿Tiene miedo de lo que el futuro depare a su familiar?",
      "help_text": "",
      "qtype": "likert",
      "required": true,
      "order": 7,
      "max_choices": 0
    }
  },
  {
    "model": "surveys.question",
    "pk": 55,
    "fields": {
      "section": 7,
      "code": "zarit-q8",
      "text": "¿Cree que su familiar depende de usted?",
      "help_text": "",
      "qtype": "likert",
      "required": true,
      "order": 8,
      "max_choices": 0
    }
  },
  {
    "model": "surveys.question",
    "pk": 56,
    "fields": {
      "section": 7,
      "code": "zarit-q9",
      "text": "¿Se siente tenso cuando está cerca de su familiar?",
      "help_text": "",
      "qtype": "likert",
      "required": true,
      "order": 9,
      "max_choices": 0
    }
  },
  {
    "model": "surveys.question",
    "pk": 57,
    "fields": {
      "section": 7,
      "code": "zarit-q10",
      "text": "¿Cree que su salud se ha resentido por cuidar a su familiar?",
      "help_text": "",
      "qtype": "likert",
      "required": true,
      "order": 10,
      "max_choices": 0
    }
  },
  {
    "model": "surveys.question",
    "pk": 58,
    "fields": {
      "section": 7,
      "code": "zarit-q11",
      "text": "¿Cree que no tiene tanta intimidad como le gustaría debido a su familiar?",
      "help_text": "",
      "qtype": "likert",
      "required": true,
      "order": 11,
      "max_choices": 0
    }
  },
  {
    "model": "surveys.question",
    "pk": 59,
    "fields": {
      "section": 7,
      "code": "zarit-q12",
      "text": "¿Cree que su vida social se ha resentido por cuidar a su familiar?",
      "help_text": "",
      "qtype": "likert",
      "required": true,
      "order": 12,
      "max_choices": 0
    }
  },
  {
    "model": "surveys.question",
    "pk": 60,
    "fields": {
      "section": 7,
      "code": "zarit-q13",
      "text": "¿Se siente incómodo por desatender a sus amistades debido a su familiar?",
      "help_text": "",
      "qtype": "likert",
      "required": true,
      "order": 13,
      "max_choices": 0
    }
  },
  {
    "model": "surveys.question",
    "pk": 61,
    "fields": {
      "section": 7,
      "code": "zarit-q14",
      "text": "¿Cree que su familiar parece esperar que usted sea la persona que le cuide, como si usted fuera la única persona de quien depende?",
      "help_text": "",
      "qtype": "likert",
      "required": true,
      "order": 14,
      "max_choices": 0
    }
  },
  {
    "model": "surveys.question",
    "pk": 62,
    "fields": {
      "section": 7,
      "code": "zarit-q15",
      "text": "¿Cree que no tiene suficiente dinero para cuidar a su familiar además de sus otros gastos?",
      "help_text": "",
      "qtype": "likert",
      "required": true,
      "order": 15,
      "max_choices": 0
    }
  },
  {
    "model": "surveys.question",
    "pk": 63,
    "fields": {
      "section": 7,
      "code": "zarit-q16",
      "text": "¿Cree que será incapaz de cuidarle/a por mucho más tiempo?",
      "help_text": "",
      "qtype": "likert",
      "required": true,
      "order": 16,
      "max_choices": 0
    }
  },
  {
    "model": "surveys.question",
    "pk": 64,
    "fields": {
      "section": 7,
      "code": "zarit-q17",
      "text": "¿Siente que ha perdido el control de su vida desde la enfermedad de su familiar?",
      "help_text": "",
      "qtype": "likert",
      "required": true,
      "order": 17,
      "max_choices": 0
    }
  },
  {
    "model": "surveys.question",
    "pk": 65,
    "fields": {
      "section": 7,
      "code": "zarit-q18",
      "text": "¿Desearía poder dejar el cuidado de su familiar a otros?",
      "help_text": "",
      "qtype": "likert",
      "required": true,
      "order": 18,
      "max_choices": 0
    }
  },
  {
    "model": "surveys.question",
    "pk": 66,
    "fields": {
      "section": 7,
      "code": "zarit-q19",
      "text": "¿Se siente indeciso sobre qué hacer con su familiar?",
      "help_text": "",
      "qtype": "likert",
      "required": true,
      "order": 19,
      "max_choices": 0
    }
  },
  {
    "model": "surveys.question",
    "pk": 67,
    "fields": {
      "section": 7,
      "code": "zarit-q20",
      "text": "¿Cree que debería hacer más por su familiar?",
      "help_text": "",
      "qtype": "likert",
      "required": true,
      "order": 20,
      "max_choices": 0
    }
  },
  {
    "model": "surveys.question",
    "pk": 68,
    "fields": {
      "section": 7,
      "code": "zarit-q21",
      "text": "¿Cree que podría cuidar mejor de su familiar?",
      "help_text": "",
      "qtype": "likert",
      "required": true,
      "order": 21,
      "max_choices": 0
    }
  },
  {
    "model": "surveys.question",
    "pk": 69,
    "fields": {
      "section": 7,
      "code": "zarit-q22",
      "text": "Globalmente, ¿qué grado de carga experimenta por el hecho de cuidar a su familiar?",
      "help_text": "",
      "qtype": "likert",
      "required": true,
      "order": 22,
      "max_choices": 0
    }
  },

  {
    "model": "surveys.option",
    "pk": 14,
    "fields": { "question": 11, "code": "ucg-1", "label": "UCG 1", "order": 1, "numeric_value": null }
  },
  {
    "model": "surveys.option",
    "pk": 15,
    "fields": { "question": 11, "code": "ucg-2", "label": "UCG 2", "order": 2, "numeric_value": null }
  },
  {
    "model": "surveys.option",
    "pk": 16,
    "fields": { "question": 11, "code": "ucg-3", "label": "UCG 3", "order": 3, "numeric_value": null }
  },
  {
    "model": "surveys.option",
    "pk": 17,
    "fields": { "question": 11, "code": "ucg-4", "label": "UCG 4", "order": 4, "numeric_value": null }
  },
  {
    "model": "surveys.option",
    "pk": 18,
    "fields": { "question": 11, "code": "ucg-5", "label": "UCG 5", "order": 5, "numeric_value": null }
  },
  {
    "model": "surveys.option",
    "pk": 19,
    "fields": { "question": 11, "code": "ucg-6", "label": "UCG 6", "order": 6, "numeric_value": null }
  },
  {
    "model": "surveys.option",
    "pk": 20,
    "fields": { "question": 11, "code": "ucg-7", "label": "UCG 7", "order": 7, "numeric_value": null }
  },
  {
    "model": "surveys.option",
    "pk": 21,
    "fields": { "question": 11, "code": "ucg-8", "label": "UCG 8", "order": 8, "numeric_value": null }
  },
  {
    "model": "surveys.option",
    "pk": 22,
    "fields": { "question": 11, "code": "ucg-9", "label": "UCG 9", "order": 9, "numeric_value": null }
  },
  {
    "model": "surveys.option",
    "pk": 23,
    "fields": { "question": 11, "code": "ucg-10", "label": "UCG 10", "order": 10, "numeric_value": null }
  },
  {
    "model": "surveys.option",
    "pk": 24,
    "fields": { "question": 11, "code": "ucg-11", "label": "UCG 11", "order": 11, "numeric_value": null }
  },
  {
    "model": "surveys.option",
    "pk": 25,
    "fields": { "question": 11, "code": "ucg-12", "label": "UCG 12", "order": 12, "numeric_value": null }
  },
  {
    "model": "surveys.option",
    "pk": 26,
    "fields": { "question": 11, "code": "ucg-13", "label": "UCG 13", "order": 13, "numeric_value": null }
  },
  {
    "model": "surveys.option",
    "pk": 27,
    "fields": { "question": 11, "code": "ucg-14", "label": "UCG 14", "order": 14, "numeric_value": null }
  },
  {
    "model": "surveys.option",
    "pk": 28,
    "fields": { "question": 11, "code": "ucg-15", "label": "UCG 15", "order": 15, "numeric_value": null }
  },

  {
    "model": "surveys.option",
    "pk": 29,
    "fields": { "question": 12, "code": "historica-caribe-norte", "label": "1-Histórica y del Caribe norte", "order": 1, "numeric_value": null }
  },
  {
    "model": "surveys.option",
    "pk": 30,
    "fields": { "question": 12, "code": "virgen-turistica", "label": "2-De la virgen y Turística", "order": 2, "numeric_value": null }
  },
  {
    "model": "surveys.option",
    "pk": 31,
    "fields": { "question": 12, "code": "industrial-bahia", "label": "3-Industrial y de la Bahía", "order": 3, "numeric_value": null }
  },

  {
    "model": "surveys.option",
    "pk": 32,
    "fields": { "question": 14, "code": "hombre", "label": "Hombre", "order": 1, "numeric_value": null }
  },
  {
    "model": "surveys.option",
    "pk": 33,
    "fields": { "question": 14, "code": "mujer", "label": "Mujer", "order": 2, "numeric_value": null }
  },

  {
    "model": "surveys.option",
    "pk": 34,
    "fields": { "question": 15, "code": "cisgenero", "label": "Cisgénero", "order": 1, "numeric_value": null }
  },
  {
    "model": "surveys.option",
    "pk": 35,
    "fields": { "question": 15, "code": "transgenero", "label": "Transgénero", "order": 2, "numeric_value": null }
  },
  {
    "model": "surveys.option",
    "pk": 36,
    "fields": { "question": 15, "code": "intersexual", "label": "Intersexual", "order": 3, "numeric_value": null }
  },
  {
    "model": "surveys.option",
    "pk": 37,
    "fields": { "question": 15, "code": "queer", "label": "Queer", "order": 4, "numeric_value": null }
  },
  {
    "model": "surveys.option",
    "pk": 38,
    "fields": { "question": 15, "code": "genero-fluido", "label": "Género fluido", "order": 5, "numeric_value": null }
  },
  {
    "model": "surveys.option",
    "pk": 39,
    "fields": { "question": 15, "code": "binario", "label": "Binario", "order": 6, "numeric_value": null }
  },

  {
    "model": "surveys.option",
    "pk": 40,
    "fields": { "question": 16, "code": "heterosexual", "label": "Heterosexual", "order": 1, "numeric_value": null }
  },
  {
    "model": "surveys.option",
    "pk": 41,
    "fields": { "question": 16, "code": "gay", "label": "Gay", "order": 2, "numeric_value": null }
  },
  {
    "model": "surveys.option",
    "pk": 42,
    "fields": { "question": 16, "code": "bisexual", "label": "Bisexual", "order": 3, "numeric_value": null }
  },
  {
    "model": "surveys.option",
    "pk": 43,
    "fields": { "question": 16, "code": "lesbiana", "label": "Lesbiana", "order": 4, "numeric_value": null }
  },

  {
    "model": "surveys.option",
    "pk": 44,
    "fields": { "question": 17, "code": "indigena", "label": "Indígena", "order": 1, "numeric_value": null }
  },
  {
    "model": "surveys.option",
    "pk": 45,
    "fields": { "question": 17, "code": "raizal", "label": "Raizal", "order": 2, "numeric_value": null }
  },
  {
    "model": "surveys.option",
    "pk": 46,
    "fields": { "question": 17, "code": "rom-gitano", "label": "Rom/Gitano", "order": 3, "numeric_value": null }
  },
  {
    "model": "surveys.option",
    "pk": 47,
    "fields": { "question": 17, "code": "afrodescendiente", "label": "Afrodescendiente", "order": 4, "numeric_value": null }
  },
  {
    "model": "surveys.option",
    "pk": 48,
    "fields": { "question": 17, "code": "negro", "label": "Negro", "order": 5, "numeric_value": null }
  },
  {
    "model": "surveys.option",
    "pk": 49,
    "fields": { "question": 17, "code": "mestizo", "label": "Mestizo", "order": 6, "numeric_value": null }
  },
  {
    "model": "surveys.option",
    "pk": 50,
    "fields": { "question": 17, "code": "ninguno", "label": "Ninguno", "order": 7, "numeric_value": null }
  },
  {
    "model": "surveys.option",
    "pk": 51,
    "fields": { "question": 17, "code": "otro", "label": "Otro", "order": 8, "numeric_value": null }
  },

  {
    "model": "surveys.option",
    "pk": 52,
    "fields": { "question": 19, "code": "blower-peinado", "label": "Blower y/o peinado", "order": 1, "numeric_value": null }
  },
  {
    "model": "surveys.option",
    "pk": 53,
    "fields": { "question": 19, "code": "manicure-pedicura", "label": "Manicure y pedicura", "order": 2, "numeric_value": null }
  },

  {
    "model": "surveys.option",
    "pk": 54,
    "fields": { "question": 20, "code": "primaria-completa", "label": "Primaria completa", "order": 1, "numeric_value": null }
  },
  {
    "model": "surveys.option",
    "pk": 55,
    "fields": { "question": 20, "code": "primaria-incompleta", "label": "Primaria incompleta", "order": 2, "numeric_value": null }
  },
  {
    "model": "surveys.option",
    "pk": 56,
    "fields": { "question": 20, "code": "secundaria-completa", "label": "Secundaria completa", "order": 3, "numeric_value": null }
  },
  {
    "model": "surveys.option",
    "pk": 57,
    "fields": { "question": 20, "code": "secundaria-incompleta", "label": "Secundaria incompleta", "order": 4, "numeric_value": null }
  },
  {
    "model": "surveys.option",
    "pk": 58,
    "fields": { "question": 20, "code": "tecnico", "label": "Técnico", "order": 5, "numeric_value": null }
  },
  {
    "model": "surveys.option",
    "pk": 59,
    "fields": { "question": 20, "code": "tecnologo", "label": "Tecnólogo", "order": 6, "numeric_value": null }
  },
  {
    "model": "surveys.option",
    "pk": 60,
    "fields": { "question": 20, "code": "universitario", "label": "Universitario", "order": 7, "numeric_value": null }
  },
  {
    "model": "surveys.option",
    "pk": 61,
    "fields": { "question": 20, "code": "posgrado", "label": "Posgrado", "order": 8, "numeric_value": null }
  },
  {
    "model": "surveys.option",
    "pk": 62,
    "fields": { "question": 20, "code": "ninguno", "label": "Ninguno", "order": 9, "numeric_value": null }
  },

  {
    "model": "surveys.option",
    "pk": 63,
    "fields": { "question": 21, "code": "casada", "label": "Casada", "order": 1, "numeric_value": null }
  },
  {
    "model": "surveys.option",
    "pk": 64,
    "fields": { "question": 21, "code": "union-libre", "label": "Unión Libre", "order": 2, "numeric_value": null }
  },
  {
    "model": "surveys.option",
    "pk": 65,
    "fields": { "question": 21, "code": "soltera", "label": "Soltera", "order": 3, "numeric_value": null }
  },
  {
    "model": "surveys.option",
    "pk": 66,
    "fields": { "question": 21, "code": "viuda", "label": "Viuda", "order": 4, "numeric_value": null }
  },

  {
    "model": "surveys.option",
    "pk": 67,
    "fields": { "question": 22, "code": "estrato-1", "label": "1", "order": 1, "numeric_value": null }
  },
  {
    "model": "surveys.option",
    "pk": 68,
    "fields": { "question": 22, "code": "estrato-2", "label": "2", "order": 2, "numeric_value": null }
  },
  {
    "model": "surveys.option",
    "pk": 69,
    "fields": { "question": 22, "code": "estrato-3", "label": "3", "order": 3, "numeric_value": null }
  },
  {
    "model": "surveys.option",
    "pk": 70,
    "fields": { "question": 22, "code": "estrato-4", "label": "4", "order": 4, "numeric_value": null }
  },

  {
    "model": "surveys.option",
    "pk": 71,
    "fields": { "question": 23, "code": "nuclear", "label": "Nuclear", "order": 1, "numeric_value": null }
  },
  {
    "model": "surveys.option",
    "pk": 72,
    "fields": { "question": 23, "code": "extensa", "label": "Extensa", "order": 2, "numeric_value": null }
  },
  {
    "model": "surveys.option",
    "pk": 73,
    "fields": { "question": 23, "code": "incompleta", "label": "Incompleta", "order": 3, "numeric_value": null }
  },

  {
    "model": "surveys.option",
    "pk": 74,
    "fields": { "question": 24, "code": "contributivo", "label": "Contributivo", "order": 1, "numeric_value": null }
  },
  {
    "model": "surveys.option",
    "pk": 75,
    "fields": { "question": 24, "code": "subsidiado", "label": "Subsidiado", "order": 2, "numeric_value": null }
  },
  {
    "model": "surveys.option",
    "pk": 76,
    "fields": { "question": 24, "code": "especial", "label": "Especial", "order": 3, "numeric_value": null }
  },

  {
    "model": "surveys.option",
    "pk": 77,
    "fields": { "question": 25, "code": "mutualser", "label": "Mutualser", "order": 1, "numeric_value": null }
  },
  {
    "model": "surveys.option",
    "pk": 78,
    "fields": { "question": 25, "code": "coosalud", "label": "Coosalud", "order": 2, "numeric_value": null }
  },
  {
    "model": "surveys.option",
    "pk": 79,
    "fields": { "question": 25, "code": "nuevaeps", "label": "NuevaEPS", "order": 3, "numeric_value": null }
  },
  {
    "model": "surveys.option",
    "pk": 80,
    "fields": { "question": 25, "code": "cajacopi", "label": "Cajacopi", "order": 4, "numeric_value": null }
  },
  {
    "model": "surveys.option",
    "pk": 81,
    "fields": { "question": 25, "code": "sura", "label": "Sura", "order": 5, "numeric_value": null }
  },
  {
    "model": "surveys.option",
    "pk": 82,
    "fields": { "question": 25, "code": "sanitas", "label": "Sanitas", "order": 6, "numeric_value": null }
  },
  {
    "model": "surveys.option",
    "pk": 83,
    "fields": { "question": 25, "code": "policia-armada-nacional", "label": "Policía o Armada Nacional", "order": 7, "numeric_value": null }
  },

  {
    "model": "surveys.option",
    "pk": 84,
    "fields": { "question": 27, "code": "1", "label": "1", "order": 1, "numeric_value": null }
  },
  {
    "model": "surveys.option",
    "pk": 85,
    "fields": { "question": 27, "code": "2", "label": "2", "order": 2, "numeric_value": null }
  },
  {
    "model": "surveys.option",
    "pk": 86,
    "fields": { "question": 27, "code": "3", "label": "3", "order": 3, "numeric_value": null }
  },
  {
    "model": "surveys.option",
    "pk": 87,
    "fields": { "question": 27, "code": "4", "label": "4", "order": 4, "numeric_value": null }
  },

  {
    "model": "surveys.option",
    "pk": 88,
    "fields": { "question": 28, "code": "nina-nino-primera-infancia", "label": "Niña o niño en primera infancia (0 a 5 años)", "order": 1, "numeric_value": null }
  },
  {
    "model": "surveys.option",
    "pk": 89,
    "fields": { "question": 28, "code": "adolescente", "label": "Adolescente", "order": 2, "numeric_value": null }
  },
  {
    "model": "surveys.option",
    "pk": 90,
    "fields": { "question": 28, "code": "adulto-mayor-60-anos", "label": "Adulto mayor de 60 años", "order": 3, "numeric_value": null }
  },
  {
    "model": "surveys.option",
    "pk": 91,
    "fields": { "question": 28, "code": "persona-discapacidad", "label": "Persona con discapacidad", "order": 4, "numeric_value": null }
  },
  {
    "model": "surveys.option",
    "pk": 92,
    "fields": { "question": 28, "code": "personas-trastornos-mentales", "label": "Personas con trastornos mentales", "order": 5, "numeric_value": null }
  },
  {
    "model": "surveys.option",
    "pk": 93,
    "fields": { "question": 28, "code": "otro-cual", "label": "Otro ¿Cuál?", "order": 6, "numeric_value": null }
  },

  {
    "model": "surveys.option",
    "pk": 94,
    "fields": { "question": 29, "code": "fisica", "label": "Física", "order": 1, "numeric_value": null }
  },
  {
    "model": "surveys.option",
    "pk": 95,
    "fields": { "question": 29, "code": "auditiva", "label": "Auditiva", "order": 2, "numeric_value": null }
  },
  {
    "model": "surveys.option",
    "pk": 96,
    "fields": { "question": 29, "code": "cognitiva", "label": "Cognitiva", "order": 3, "numeric_value": null }
  },
  {
    "model": "surveys.option",
    "pk": 97,
    "fields": { "question": 29, "code": "visual", "label": "Visual", "order": 4, "numeric_value": null }
  },
  {
    "model": "surveys.option",
    "pk": 98,
    "fields": { "question": 29, "code": "multiple", "label": "Múltiple", "order": 5, "numeric_value": null }
  },
  {
    "model": "surveys.option",
    "pk": 99,
    "fields": { "question": 29, "code": "otro-cual", "label": "Otro ¿Cuál?", "order": 6, "numeric_value": null }
  },

  {
    "model": "surveys.option",
    "pk": 100,
    "fields": { "question": 30, "code": "remunerado", "label": "Remunerado", "order": 1, "numeric_value": null }
  },
  {
    "model": "surveys.option",
    "pk": 101,
    "fields": { "question": 30, "code": "no-remunerado", "label": "No remunerado", "order": 2, "numeric_value": null }
  },
  {
    "model": "surveys.option",
    "pk": 102,
    "fields": { "question": 30, "code": "no-aplica", "label": "No aplica", "order": 3, "numeric_value": null }
  },

  {
    "model": "surveys.option",
    "pk": 103,
    "fields": { "question": 31, "code": "0-6-meses", "label": "0 a 6 meses", "order": 1, "numeric_value": null }
  },
  {
    "model": "surveys.option",
    "pk": 104,
    "fields": { "question": 31, "code": "6-12-meses", "label": "6 a 12 meses", "order": 2, "numeric_value": null }
  },
  {
    "model": "surveys.option",
    "pk": 105,
    "fields": { "question": 31, "code": "1-2-anos", "label": "1 a 2 años", "order": 3, "numeric_value": null }
  },
  {
    "model": "surveys.option",
    "pk": 106,
    "fields": { "question": 31, "code": "2-5-anos", "label": "2 a 5 años", "order": 4, "numeric_value": null }
  },
  {
    "model": "surveys.option",
    "pk": 107,
    "fields": { "question": 31, "code": "5-10-anos", "label": "5 a 10 años", "order": 5, "numeric_value": null }
  },
  {
    "model": "surveys.option",
    "pk": 108,
    "fields": { "question": 31, "code": "mayor-10-anos", "label": "Mayor a 10 años", "order": 6, "numeric_value": null }
  },

  {
    "model": "surveys.option",
    "pk": 109,
    "fields": { "question": 33, "code": "hija-o", "label": "Hija/o", "order": 1, "numeric_value": null }
  },
  {
    "model": "surveys.option",
    "pk": 110,
    "fields": { "question": 33, "code": "padre-madre", "label": "Padre o madre", "order": 2, "numeric_value": null }
  },
  {
    "model": "surveys.option",
    "pk": 111,
    "fields": { "question": 33, "code": "hermana-o", "label": "Hermana/o", "order": 3, "numeric_value": null }
  },
  {
    "model": "surveys.option",
    "pk": 112,
    "fields": { "question": 33, "code": "esposa-o", "label": "Esposa/o", "order": 4, "numeric_value": null }
  },
  {
    "model": "surveys.option",
    "pk": 113,
    "fields": { "question": 33, "code": "tia-o", "label": "Tía/o", "order": 5, "numeric_value": null }
  },
  {
    "model": "surveys.option",
    "pk": 114,
    "fields": { "question": 33, "code": "sobrina-o", "label": "Sobrina/o", "order": 6, "numeric_value": null }
  },
  {
    "model": "surveys.option",
    "pk": 115,
    "fields": { "question": 33, "code": "otro-cual", "label": "Otro ¿Cuál?", "order": 7, "numeric_value": null }
  },
  {
    "model": "surveys.option",
    "pk": 116,
    "fields": { "question": 33, "code": "no-aplica", "label": "No aplica", "order": 8, "numeric_value": null }
  },

  {
    "model": "surveys.option",
    "pk": 117,
    "fields": { "question": 34, "code": "unica-persona-disponible", "label": "Era la única persona disponible", "order": 1, "numeric_value": null }
  },
  {
    "model": "surveys.option",
    "pk": 118,
    "fields": { "question": 34, "code": "decision-familiar", "label": "Por decisión familiar", "order": 2, "numeric_value": null }
  },
  {
    "model": "surveys.option",
    "pk": 119,
    "fields": { "question": 34, "code": "iniciativa-propia", "label": "Iniciativa propia", "order": 3, "numeric_value": null }
  },
  {
    "model": "surveys.option",
    "pk": 120,
    "fields": { "question": 34, "code": "solicito-persona-cuida", "label": "Porque lo solicitó la persona que cuida", "order": 4, "numeric_value": null }
  },
  {
    "model": "surveys.option",
    "pk": 121,
    "fields": { "question": 34, "code": "no-responde", "label": "No responde", "order": 5, "numeric_value": null }
  },
  {
    "model": "surveys.option",
    "pk": 122,
    "fields": { "question": 34, "code": "no-sabe", "label": "No sabe", "order": 6, "numeric_value": null }
  },

  {
    "model": "surveys.option",
    "pk": 123,
    "fields": { "question": 35, "code": "tareas-domesticas", "label": "En tareas domésticas", "order": 1, "numeric_value": null }
  },
  {
    "model": "surveys.option",
    "pk": 124,
    "fields": { "question": 35, "code": "otras-actividades-calle", "label": "En otras actividades como salir a la calle (hacer compras, ir al médico)", "order": 2, "numeric_value": null }
  },
  {
    "model": "surveys.option",
    "pk": 125,
    "fields": { "question": 35, "code": "cuidados-personales", "label": "En cuidados personales: bañarlo, vestirlo, comer", "order": 3, "numeric_value": null }
  },
  {
    "model": "surveys.option",
    "pk": 126,
    "fields": { "question": 35, "code": "cuidados-especializados", "label": "Cuidados especializados de ayuda: manejo de sondas equipos médicos y terapias", "order": 4, "numeric_value": null }
  },
  {
    "model": "surveys.option",
    "pk": 127,
    "fields": { "question": 35, "code": "otros", "label": "Otros", "order": 5, "numeric_value": null }
  },

  {
    "model": "surveys.option",
    "pk": 128,
    "fields": { "question": 37, "code": "mejor", "label": "Mejor", "order": 1, "numeric_value": null }
  },
  {
    "model": "surveys.option",
    "pk": 129,
    "fields": { "question": 37, "code": "igual", "label": "Igual", "order": 2, "numeric_value": null }
  },
  {
    "model": "surveys.option",
    "pk": 130,
    "fields": { "question": 37, "code": "peor", "label": "Peor", "order": 3, "numeric_value": null }
  },

  {
    "model": "surveys.option",
    "pk": 131,
    "fields": { "question": 38, "code": "mejor", "label": "Mejor", "order": 1, "numeric_value": null }
  },
  {
    "model": "surveys.option",
    "pk": 132,
    "fields": { "question": 38, "code": "igual", "label": "Igual", "order": 2, "numeric_value": null }
  },
  {
    "model": "surveys.option",
    "pk": 133,
    "fields": { "question": 38, "code": "peor", "label": "Peor", "order": 3, "numeric_value": null }
  },

  {
    "model": "surveys.option",
    "pk": 134,
    "fields": { "question": 39, "code": "mejor", "label": "Mejor", "order": 1, "numeric_value": null }
  },
  {
    "model": "surveys.option",
    "pk": 135,
    "fields": { "question": 39, "code": "igual", "label": "Igual", "order": 2, "numeric_value": null }
  },
  {
    "model": "surveys.option",
    "pk": 136,
    "fields": { "question": 39, "code": "peor", "label": "Peor", "order": 3, "numeric_value": null }
  },

  {
    "model": "surveys.option",
    "pk": 137,
    "fields": { "question": 43, "code": "si", "label": "Si", "order": 1, "numeric_value": null }
  },
  {
    "model": "surveys.option",
    "pk": 138,
    "fields": { "question": 43, "code": "no", "label": "No", "order": 2, "numeric_value": null }
  },
  {
    "model": "surveys.option",
    "pk": 139,
    "fields": { "question": 43, "code": "no-aplica", "label": "No aplica", "order": 3, "numeric_value": null }
  },

  {
    "model": "surveys.option",
    "pk": 140,
    "fields": { "question": 48, "code": "nunca", "label": "Nunca", "order": 1, "numeric_value": 0 }
  },
  {
    "model": "surveys.option",
    "pk": 141,
    "fields": { "question": 48, "code": "casi-nunca", "label": "Casi nunca", "order": 2, "numeric_value": 1 }
  },
  {
    "model": "surveys.option",
    "pk": 142,
    "fields": { "question": 48, "code": "a-veces", "label": "A veces", "order": 3, "numeric_value": 2 }
  },
  {
    "model": "surveys.option",
    "pk": 143,
    "fields": { "question": 48, "code": "bastantes-veces", "label": "Bastantes veces", "order": 4, "numeric_value": 3 }
  },
  {
    "model": "surveys.option",
    "pk": 144,
    "fields": { "question": 48, "code": "casi-siempre", "label": "Casi siempre", "order": 5, "numeric_value": 4 }
  },

  {
    "model": "surveys.option",
    "pk": 145,
    "fields": { "question": 49, "code": "nunca", "label": "Nunca", "order": 1, "numeric_value": 0 }
  },
  {
    "model": "surveys.option",
    "pk": 146,
    "fields": { "question": 49, "code": "casi-nunca", "label": "Casi nunca", "order": 2, "numeric_value": 1 }
  },
  {
    "model": "surveys.option",
    "pk": 147,
    "fields": { "question": 49, "code": "a-veces", "label": "A veces", "order": 3, "numeric_value": 2 }
  },
  {
    "model": "surveys.option",
    "pk": 148,
    "fields": { "question": 49, "code": "bastantes-veces", "label": "Bastantes veces", "order": 4, "numeric_value": 3 }
  },
  {
    "model": "surveys.option",
    "pk": 149,
    "fields": { "question": 49, "code": "casi-siempre", "label": "Casi siempre", "order": 5, "numeric_value": 4 }
  },

  {
    "model": "surveys.option",
    "pk": 150,
    "fields": { "question": 50, "code": "nunca", "label": "Nunca", "order": 1, "numeric_value": 0 }
  },
  {
    "model": "surveys.option",
    "pk": 151,
    "fields": { "question": 50, "code": "casi-nunca", "label": "Casi nunca", "order": 2, "numeric_value": 1 }
  },
  {
    "model": "surveys.option",
    "pk": 152,
    "fields": { "question": 50, "code": "a-veces", "label": "A veces", "order": 3, "numeric_value": 2 }
  },
  {
    "model": "surveys.option",
    "pk": 153,
    "fields": { "question": 50, "code": "bastantes-veces", "label": "Bastantes veces", "order": 4, "numeric_value": 3 }
  },
  {
    "model": "surveys.option",
    "pk": 154,
    "fields": { "question": 50, "code": "casi-siempre", "label": "Casi siempre", "order": 5, "numeric_value": 4 }
  },

  {
    "model": "surveys.option",
    "pk": 155,
    "fields": { "question": 51, "code": "nunca", "label": "Nunca", "order": 1, "numeric_value": 0 }
  },
  {
    "model": "surveys.option",
    "pk": 156,
    "fields": { "question": 51, "code": "casi-nunca", "label": "Casi nunca", "order": 2, "numeric_value": 1 }
  },
  {
    "model": "surveys.option",
    "pk": 157,
    "fields": { "question": 51, "code": "a-veces", "label": "A veces", "order": 3, "numeric_value": 2 }
  },
  {
    "model": "surveys.option",
    "pk": 158,
    "fields": { "question": 51, "code": "bastantes-veces", "label": "Bastantes veces", "order": 4, "numeric_value": 3 }
  },
  {
    "model": "surveys.option",
    "pk": 159,
    "fields": { "question": 51, "code": "casi-siempre", "label": "Casi siempre", "order": 5, "numeric_value": 4 }
  },

  {
    "model": "surveys.option",
    "pk": 160,
    "fields": { "question": 52, "code": "nunca", "label": "Nunca", "order": 1, "numeric_value": 0 }
  },
  {
    "model": "surveys.option",
    "pk": 161,
    "fields": { "question": 52, "code": "casi-nunca", "label": "Casi nunca", "order": 2, "numeric_value": 1 }
  },
  {
    "model": "surveys.option",
    "pk": 162,
    "fields": { "question": 52, "code": "a-veces", "label": "A veces", "order": 3, "numeric_value": 2 }
  },
  {
    "model": "surveys.option",
    "pk": 163,
    "fields": { "question": 52, "code": "bastantes-veces", "label": "Bastantes veces", "order": 4, "numeric_value": 3 }
  },
  {
    "model": "surveys.option",
    "pk": 164,
    "fields": { "question": 52, "code": "casi-siempre", "label": "Casi siempre", "order": 5, "numeric_value": 4 }
  },

  {
    "model": "surveys.option",
    "pk": 165,
    "fields": { "question": 53, "code": "nunca", "label": "Nunca", "order": 1, "numeric_value": 0 }
  },
  {
    "model": "surveys.option",
    "pk": 166,
    "fields": { "question": 53, "code": "casi-nunca", "label": "Casi nunca", "order": 2, "numeric_value": 1 }
  },
  {
    "model": "surveys.option",
    "pk": 167,
    "fields": { "question": 53, "code": "a-veces", "label": "A veces", "order": 3, "numeric_value": 2 }
  },
  {
    "model": "surveys.option",
    "pk": 168,
    "fields": { "question": 53, "code": "bastantes-veces", "label": "Bastantes veces", "order": 4, "numeric_value": 3 }
  },
  {
    "model": "surveys.option",
    "pk": 169,
    "fields": { "question": 53, "code": "casi-siempre", "label": "Casi siempre", "order": 5, "numeric_value": 4 }
  },

  {
    "model": "surveys.option",
    "pk": 170,
    "fields": { "question": 54, "code": "nunca", "label": "Nunca", "order": 1, "numeric_value": 0 }
  },
  {
    "model": "surveys.option",
    "pk": 171,
    "fields": { "question": 54, "code": "casi-nunca", "label": "Casi nunca", "order": 2, "numeric_value": 1 }
  },
  {
    "model": "surveys.option",
    "pk": 172,
    "fields": { "question": 54, "code": "a-veces", "label": "A veces", "order": 3, "numeric_value": 2 }
  },
  {
    "model": "surveys.option",
    "pk": 173,
    "fields": { "question": 54, "code": "bastantes-veces", "label": "Bastantes veces", "order": 4, "numeric_value": 3 }
  },
  {
    "model": "surveys.option",
    "pk": 174,
    "fields": { "question": 54, "code": "casi-siempre", "label": "Casi siempre", "order": 5, "numeric_value": 4 }
  },

  {
    "model": "surveys.option",
    "pk": 175,
    "fields": { "question": 55, "code": "nunca", "label": "Nunca", "order": 1, "numeric_value": 0 }
  },
  {
    "model": "surveys.option",
    "pk": 176,
    "fields": { "question": 55, "code": "casi-nunca", "label": "Casi nunca", "order": 2, "numeric_value": 1 }
  },
  {
    "model": "surveys.option",
    "pk": 177,
    "fields": { "question": 55, "code": "a-veces", "label": "A veces", "order": 3, "numeric_value": 2 }
  },
  {
    "model": "surveys.option",
    "pk": 178,
    "fields": { "question": 55, "code": "bastantes-veces", "label": "Bastantes veces", "order": 4, "numeric_value": 3 }
  },
  {
    "model": "surveys.option",
    "pk": 179,
    "fields": { "question": 55, "code": "casi-siempre", "label": "Casi siempre", "order": 5, "numeric_value": 4 }
  },

  {
    "model": "surveys.option",
    "pk": 180,
    "fields": { "question": 56, "code": "nunca", "label": "Nunca", "order": 1, "numeric_value": 0 }
  },
  {
    "model": "surveys.option",
    "pk": 181,
    "fields": { "question": 56, "code": "casi-nunca", "label": "Casi nunca", "order": 2, "numeric_value": 1 }
  },
  {
    "model": "surveys.option",
    "pk": 182,
    "fields": { "question": 56, "code": "a-veces", "label": "A veces", "order": 3, "numeric_value": 2 }
  },
  {
    "model": "surveys.option",
    "pk": 183,
    "fields": { "question": 56, "code": "bastantes-veces", "label": "Bastantes veces", "order": 4, "numeric_value": 3 }
  },
  {
    "model": "surveys.option",
    "pk": 184,
    "fields": { "question": 56, "code": "casi-siempre", "label": "Casi siempre", "order": 5, "numeric_value": 4 }
  },

  {
    "model": "surveys.option",
    "pk": 185,
    "fields": { "question": 57, "code": "nunca", "label": "Nunca", "order": 1, "numeric_value": 0 }
  },
  {
    "model": "surveys.option",
    "pk": 186,
    "fields": { "question": 57, "code": "casi-nunca", "label": "Casi nunca", "order": 2, "numeric_value": 1 }
  },
  {
    "model": "surveys.option",
    "pk": 187,
    "fields": { "question": 57, "code": "a-veces", "label": "A veces", "order": 3, "numeric_value": 2 }
  },
  {
    "model": "surveys.option",
    "pk": 188,
    "fields": { "question": 57, "code": "bastantes-veces", "label": "Bastantes veces", "order": 4, "numeric_value": 3 }
  },
  {
    "model": "surveys.option",
    "pk": 189,
    "fields": { "question": 57, "code": "casi-siempre", "label": "Casi siempre", "order": 5, "numeric_value": 4 }
  },

  {
    "model": "surveys.option",
    "pk": 190,
    "fields": { "question": 58, "code": "nunca", "label": "Nunca", "order": 1, "numeric_value": 0 }
  },
  {
    "model": "surveys.option",
    "pk": 191,
    "fields": { "question": 58, "code": "casi-nunca", "label": "Casi nunca", "order": 2, "numeric_value": 1 }
  },
  {
    "model": "surveys.option",
    "pk": 192,
    "fields": { "question": 58, "code": "a-veces", "label": "A veces", "order": 3, "numeric_value": 2 }
  },
  {
    "model": "surveys.option",
    "pk": 193,
    "fields": { "question": 58, "code": "bastantes-veces", "label": "Bastantes veces", "order": 4, "numeric_value": 3 }
  },
  {
    "model": "surveys.option",
    "pk": 194,
    "fields": { "question": 58, "code": "casi-siempre", "label": "Casi siempre", "order": 5, "numeric_value": 4 }
  },

  {
    "model": "surveys.option",
    "pk": 195,
    "fields": { "question": 59, "code": "nunca", "label": "Nunca", "order": 1, "numeric_value": 0 }
  },
  {
    "model": "surveys.option",
    "pk": 196,
    "fields": { "question": 59, "code": "casi-nunca", "label": "Casi nunca", "order": 2, "numeric_value": 1 }
  },
  {
    "model": "surveys.option",
    "pk": 197,
    "fields": { "question": 59, "code": "a-veces", "label": "A veces", "order": 3, "numeric_value": 2 }
  },
  {
    "model": "surveys.option",
    "pk": 198,
    "fields": { "question": 59, "code": "bastantes-veces", "label": "Bastantes veces", "order": 4, "numeric_value": 3 }
  },
  {
    "model": "surveys.option",
    "pk": 199,
    "fields": { "question": 59, "code": "casi-siempre", "label": "Casi siempre", "order": 5, "numeric_value": 4 }
  },

  {
    "model": "surveys.option",
    "pk": 200,
    "fields": { "question": 60, "code": "nunca", "label": "Nunca", "order": 1, "numeric_value": 0 }
  },
  {
    "model": "surveys.option",
    "pk": 201,
    "fields": { "question": 60, "code": "casi-nunca", "label": "Casi nunca", "order": 2, "numeric_value": 1 }
  },
  {
    "model": "surveys.option",
    "pk": 202,
    "fields": { "question": 60, "code": "a-veces", "label": "A veces", "order": 3, "numeric_value": 2 }
  },
  {
    "model": "surveys.option",
    "pk": 203,
    "fields": { "question": 60, "code": "bastantes-veces", "label": "Bastantes veces", "order": 4, "numeric_value": 3 }
  },
  {
    "model": "surveys.option",
    "pk": 204,
    "fields": { "question": 60, "code": "casi-siempre", "label": "Casi siempre", "order": 5, "numeric_value": 4 }
  },

  {
    "model": "surveys.option",
    "pk": 205,
    "fields": { "question": 61, "code": "nunca", "label": "Nunca", "order": 1, "numeric_value": 0 }
  },
  {
    "model": "surveys.option",
    "pk": 206,
    "fields": { "question": 61, "code": "casi-nunca", "label": "Casi nunca", "order": 2, "numeric_value": 1 }
  },
  {
    "model": "surveys.option",
    "pk": 207,
    "fields": { "question": 61, "code": "a-veces", "label": "A veces", "order": 3, "numeric_value": 2 }
  },
  {
    "model": "surveys.option",
    "pk": 208,
    "fields": { "question": 61, "code": "bastantes-veces", "label": "Bastantes veces", "order": 4, "numeric_value": 3 }
  },
  {
    "model": "surveys.option",
    "pk": 209,
    "fields": { "question": 61, "code": "casi-siempre", "label": "Casi siempre", "order": 5, "numeric_value": 4 }
  },

  {
    "model": "surveys.option",
    "pk": 210,
    "fields": { "question": 62, "code": "nunca", "label": "Nunca", "order": 1, "numeric_value": 0 }
  },
  {
    "model": "surveys.option",
    "pk": 211,
    "fields": { "question": 62, "code": "casi-nunca", "label": "Casi nunca", "order": 2, "numeric_value": 1 }
  },
  {
    "model": "surveys.option",
    "pk": 212,
    "fields": { "question": 62, "code": "a-veces", "label": "A veces", "order": 3, "numeric_value": 2 }
  },
  {
    "model": "surveys.option",
    "pk": 213,
    "fields": { "question": 62, "code": "bastantes-veces", "label": "Bastantes veces", "order": 4, "numeric_value": 3 }
  },
  {
    "model": "surveys.option",
    "pk": 214,
    "fields": { "question": 62, "code": "casi-siempre", "label": "Casi siempre", "order": 5, "numeric_value": 4 }
  },

  {
    "model": "surveys.option",
    "pk": 215,
    "fields": { "question": 63, "code": "nunca", "label": "Nunca", "order": 1, "numeric_value": 0 }
  },
  {
    "model": "surveys.option",
    "pk": 216,
    "fields": { "question": 63, "code": "casi-nunca", "label": "Casi nunca", "order": 2, "numeric_value": 1 }
  },
  {
    "model": "surveys.option",
    "pk": 217,
    "fields": { "question": 63, "code": "a-veces", "label": "A veces", "order": 3, "numeric_value": 2 }
  },
  {
    "model": "surveys.option",
    "pk": 218,
    "fields": { "question": 63, "code": "bastantes-veces", "label": "Bastantes veces", "order": 4, "numeric_value": 3 }
  },
  {
    "model": "surveys.option",
    "pk": 219,
    "fields": { "question": 63, "code": "casi-siempre", "label": "Casi siempre", "order": 5, "numeric_value": 4 }
  },

  {
    "model": "surveys.option",
    "pk": 220,
    "fields": { "question": 64, "code": "nunca", "label": "Nunca", "order": 1, "numeric_value": 0 }
  },
  {
    "model": "surveys.option",
    "pk": 221,
    "fields": { "question": 64, "code": "casi-nunca", "label": "Casi nunca", "order": 2, "numeric_value": 1 }
  },
  {
    "model": "surveys.option",
    "pk": 222,
    "fields": { "question": 64, "code": "a-veces", "label": "A veces", "order": 3, "numeric_value": 2 }
  },
  {
    "model": "surveys.option",
    "pk": 223,
    "fields": { "question": 64, "code": "bastantes-veces", "label": "Bastantes veces", "order": 4, "numeric_value": 3 }
  },
  {
    "model": "surveys.option",
    "pk": 224,
    "fields": { "question": 64, "code": "casi-siempre", "label": "Casi siempre", "order": 5, "numeric_value": 4 }
  },

  {
    "model": "surveys.option",
    "pk": 225,
    "fields": { "question": 65, "code": "nunca", "label": "Nunca", "order": 1, "numeric_value": 0 }
  },
  {
    "model": "surveys.option",
    "pk": 226,
    "fields": { "question": 65, "code": "casi-nunca", "label": "Casi nunca", "order": 2, "numeric_value": 1 }
  },
  {
    "model": "surveys.option",
    "pk": 227,
    "fields": { "question": 65, "code": "a-veces", "label": "A veces", "order": 3, "numeric_value": 2 }
  },
  {
    "model": "surveys.option",
    "pk": 228,
    "fields": { "question": 65, "code": "bastantes-veces", "label": "Bastantes veces", "order": 4, "numeric_value": 3 }
  },
  {
    "model": "surveys.option",
    "pk": 229,
    "fields": { "question": 65, "code": "casi-siempre", "label": "Casi siempre", "order": 5, "numeric_value": 4 }
  },

  {
    "model": "surveys.option",
    "pk": 230,
    "fields": { "question": 66, "code": "nunca", "label": "Nunca", "order": 1, "numeric_value": 0 }
  },
  {
    "model": "surveys.option",
    "pk": 231,
    "fields": { "question": 66, "code": "casi-nunca", "label": "Casi nunca", "order": 2, "numeric_value": 1 }
  },
  {
    "model": "surveys.option",
    "pk": 232,
    "fields": { "question": 66, "code": "a-veces", "label": "A veces", "order": 3, "numeric_value": 2 }
  },
  {
    "model": "surveys.option",
    "pk": 233,
    "fields": { "question": 66, "code": "bastantes-veces", "label": "Bastantes veces", "order": 4, "numeric_value": 3 }
  },
  {
    "model": "surveys.option",
    "pk": 234,
    "fields": { "question": 66, "code": "casi-siempre", "label": "Casi siempre", "order": 5, "numeric_value": 4 }
  },

  {
    "model": "surveys.option",
    "pk": 235,
    "fields": { "question": 67, "code": "nunca", "label": "Nunca", "order": 1, "numeric_value": 0 }
  },
  {
    "model": "surveys.option",
    "pk": 236,
    "fields": { "question": 67, "code": "casi-nunca", "label": "Casi nunca", "order": 2, "numeric_value": 1 }
  },
  {
    "model": "surveys.option",
    "pk": 237,
    "fields": { "question": 67, "code": "a-veces", "label": "A veces", "order": 3, "numeric_value": 2 }
  },
  {
    "model": "surveys.option",
    "pk": 238,
    "fields": { "question": 67, "code": "bastantes-veces", "label": "Bastantes veces", "order": 4, "numeric_value": 3 }
  },
  {
    "model": "surveys.option",
    "pk": 239,
    "fields": { "question": 67, "code": "casi-siempre", "label": "Casi siempre", "order": 5, "numeric_value": 4 }
  },

  {
    "model": "surveys.option",
    "pk": 240,
    "fields": { "question": 68, "code": "nunca", "label": "Nunca", "order": 1, "numeric_value": 0 }
  },
  {
    "model": "surveys.option",
    "pk": 241,
    "fields": { "question": 68, "code": "casi-nunca", "label": "Casi nunca", "order": 2, "numeric_value": 1 }
  },
  {
    "model": "surveys.option",
    "pk": 242,
    "fields": { "question": 68, "code": "a-veces", "label": "A veces", "order": 3, "numeric_value": 2 }
  },
  {
    "model": "surveys.option",
    "pk": 243,
    "fields": { "question": 68, "code": "bastantes-veces", "label": "Bastantes veces", "order": 4, "numeric_value": 3 }
  },
  {
    "model": "surveys.option",
    "pk": 244,
    "fields": { "question": 68, "code": "casi-siempre", "label": "Casi siempre", "order": 5, "numeric_value": 4 }
  },

  {
    "model": "surveys.option",
    "pk": 245,
    "fields": { "question": 69, "code": "nunca", "label": "Nunca", "order": 1, "numeric_value": 0 }
  },
  {
    "model": "surveys.option",
    "pk": 246,
    "fields": { "question": 69, "code": "casi-nunca", "label": "Casi nunca", "order": 2, "numeric_value": 1 }
  },
  {
    "model": "surveys.option",
    "pk": 247,
    "fields": { "question": 69, "code": "a-veces", "label": "A veces", "order": 3, "numeric_value": 2 }
  },
  {
    "model": "surveys.option",
    "pk": 248,
    "fields": { "question": 69, "code": "bastantes-veces", "label": "Bastantes veces", "order": 4, "numeric_value": 3 }
  },
  {
    "model": "surveys.option",
    "pk": 249,
    "fields": { "question": 69, "code": "casi-siempre", "label": "Casi siempre", "order": 5, "numeric_value": 4 }
  }
]
